{"23s": 0.36765, "23u": 0.3268, "24s": 0.36325, "24u": 0.3391, "25s": 0.3822, "25u": 0.3376, "26s": 0.36865, "26u": 0.3357, "27s": 0.3865, "27u": 0.33515, "28s": 0.40105, "28u": 0.3743, "29s": 0.4183, "29u": 0.39125, "2Ts": 0.44425, "2Tu": 0.41435, "2Js": 0.46575, "2Ju": 0.44045, "2Qs": 0.4914, "2Qu": 0.4807, "2Ks": 0.5427, "2Ku": 0.5058, "2As": 0.5752, "2Au": 0.55185, "34s": 0.38345, "34u": 0.35715, "35s": 0.39925, "35u": 0.3573, "36s": 0.39815, "36u": 0.35875, "37s": 0.39835, "37u": 0.3664, "38s": 0.4067, "38u": 0.37815, "39s": 0.4387, "39u": 0.4097, "3Ts": 0.46875, "3Tu": 0.42705, "3Js": 0.4804, "3Ju": 0.45795, "3Qs": 0.51775, "3Qu": 0.4758, "3Ks": 0.54545, "3Ku": 0.51315, "3As": 0.58175, "3Au": 0.55865, "45s": 0.41355, "45u": 0.38655, "46s": 0.41685, "46u": 0.37965, "47s": 0.41555, "47u": 0.3844, "48s": 0.4287, "48u": 0.39435, "49s": 0.4403, "49u": 0.41085, "4Ts": 0.46715, "4Tu": 0.44445, "4Js": 0.48745, "4Ju": 0.46235, "4Qs": 0.52005, "4Qu": 0.49785, "4Ks": 0.55575, "4Ku": 0.51985, "4As": 0.58995, "4Au": 0.57625, "56s": 0.42865, "56u": 0.3993, "57s": 0.43415, "57u": 0.4049, "58s": 0.4471, "58u": 0.4186, "59s": 0.4614, "59u": 0.4218, "5Ts": 0.4633, "5Tu": 0.4421, "5Js": 0.4936, "5Ju": 0.47415, "5Qs": 0.53335, "5Qu": 0.50175, "5Ks": 0.56205, "5Ku": 0.5409, "5As": 0.5933, "5Au": 0.5753, "67s": 0.45355, "67u": 0.4278, "68s": 0.46275, "68u": 0.4369, "69s": 0.47545, "69u": 0.44495, "6Ts": 0.4992, "6Tu": 0.4653, "6Js": 0.50325, "6Ju": 0.4797, "6Qs": 0.53945, "6Qu": 0.51325, "6Ks": 0.56835, "6Ku": 0.5427, "6As": 0.5987, "6Au": 0.5784, "78s": 0.4842, "78u": 0.45025, "79s": 0.48605, "79u": 0.4568, "7Ts": 0.5107, "7Tu": 0.4754, "7Js": 0.52195, "7Ju": 0.50575, "7Qs": 0.53625, "7Qu": 0.5136, "7Ks": 0.56815, "7Ku": 0.5596, "7As": 0.60915, "7Au": 0.59225, "89s": 0.5134, "89u": 0.48245, "8Ts": 0.5247, "8Tu": 0.49575, "8Js": 0.54205, "8Ju": 0.51715, "8Qs": 0.56385, "8Qu": 0.5338, "8Ks": 0.59, "8Ku": 0.5634, "8As": 0.61745, "8Au": 0.6, "9Ts": 0.5426, "9Tu": 0.5201, "9Js": 0.5567, "9Ju": 0.5361, "9Qs": 0.58355, "9Qu": 0.54775, "9Ks": 0.60535, "9Ku": 0.57665, "9As": 0.6293, "9Au": 0.60615, "TJs": 0.5852, "TJu": 0.55825, "TQs": 0.58835, "TQu": 0.57105, "TKs": 0.6163, "TKu": 0.5953, "TAs": 0.64545, "TAu": 0.6394, "JQs": 0.59655, "JQu": 0.5839, "JKs": 0.62865, "JKu": 0.6122, "JAs": 0.6537, "JAu": 0.6291, "QKs": 0.63365, "QKu": 0.61355, "QAs": 0.6675, "QAu": 0.64875, "KAs": 0.67865, "KAu": 0.6551, "22": 0.50065, "33": 0.5457, "44": 0.5731, "55": 0.60685, "66": 0.6357, "77": 0.6657, "88": 0.6876, "99": 0.72105, "TT": 0.7505, "JJ": 0.77665, "QQ": 0.8025, "KK": 0.8238, "AA": 0.8557}