{"23s": 0.3597445, "23u": 0.3235245, "24s": 0.368164, "24u": 0.3315815, "25s": 0.37819, "25u": 0.342532, "26s": 0.3768185, "26u": 0.3415095, "27s": 0.380704, "27u": 0.3458565, "28s": 0.403098, "28u": 0.369135, "29s": 0.423964, "29u": 0.3907765, "2Ts": 0.448461, "2Tu": 0.416373, "2Js": 0.4737095, "2Ju": 0.443695, "2Qs": 0.501223, "2Qu": 0.472876, "2Ks": 0.532481, "2Ku": 0.5054755, "2As": 0.5741545, "2Au": 0.5492405, "34s": 0.38662, "34u": 0.3520955, "35s": 0.397033, "35u": 0.361452, "36s": 0.395868, "36u": 0.360108, "37s": 0.400459, "37u": 0.3659475, "38s": 0.4084965, "38u": 0.3753195, "39s": 0.4329145, "39u": 0.400424, "3Ts": 0.4570235, "3Tu": 0.4254815, "3Js": 0.4817955, "3Ju": 0.4528145, "3Qs": 0.5097735, "3Qu": 0.4825785, "3Ks": 0.5404835, "3Ku": 0.514799, "3As": 0.581415, "3Au": 0.557483, "45s": 0.414676, "45u": 0.3810515, "46s": 0.4133405, "46u": 0.3806825, "47s": 0.4182685, "47u": 0.385397, "48s": 0.427756, "48u": 0.3947305, "49s": 0.438684, "49u": 0.4064245, "4Ts": 0.4659025, "4Tu": 0.4351265, "4Js": 0.4904375, "4Ju": 0.463007, "4Qs": 0.519442, "4Qu": 0.4914315, "4Ks": 0.5491495, "4Ku": 0.522974, "4As": 0.58985, "4Au": 0.5675345, "56s": 0.4311515, "56u": 0.399298, "57s": 0.43597, "57u": 0.4044395, "58s": 0.445324, "58u": 0.413577, "59s": 0.4570275, "59u": 0.427177, "5Ts": 0.472045, "5Tu": 0.442334, "5Js": 0.4994225, "5Ju": 0.4718185, "5Qs": 0.5276375, "5Qu": 0.501364, "5Ks": 0.558199, "5Ku": 0.532585, "5As": 0.5994375, "5Au": 0.5776205, "67s": 0.454254, "67u": 0.423105, "68s": 0.462227, "68u": 0.432231, "69s": 0.473606, "69u": 0.4451705, "6Ts": 0.4888045, "6Tu": 0.460766, "6Js": 0.5058185, "6Ju": 0.4783015, "6Qs": 0.5361, "6Qu": 0.5114575, "6Ks": 0.5658475, "6Ku": 0.543108, "6As": 0.59918, "6Au": 0.5761225, "78s": 0.4792755, "78u": 0.450556, "79s": 0.49196, "79u": 0.463572, "7Ts": 0.507266, "7Tu": 0.479138, "7Js": 0.523028, "7Ju": 0.4962165, "7Qs": 0.5420525, "7Qu": 0.5181795, "7Ks": 0.575486, "7Ku": 0.552076, "7As": 0.61045, "7Au": 0.588224, "89s": 0.5078465, "89u": 0.480914, "8Ts": 0.5224495, "8Tu": 0.496917, "8Js": 0.539402, "8Ju": 0.5152985, "8Qs": 0.560483, "8Qu": 0.5356055, "8Ks": 0.5829385, "8Ku": 0.5597405, "8As": 0.6195565, "8Au": 0.5989045, "9Ts": 0.539745, "9Tu": 0.5154245, "9Js": 0.55648, "9Ju": 0.53226, "9Qs": 0.5763075, "9Qu": 0.5534815, "9Ks": 0.5997015, "9Ku": 0.578505, "9As": 0.6288835, "9Au": 0.6077775, "TJs": 0.5747065, "TJu": 0.552858, "TQs": 0.594389, "TQu": 0.5729065, "TKs": 0.617908, "TKu": 0.5970685, "TAs": 0.6458895, "TAu": 0.6274635, "JQs": 0.601813, "JQu": 0.5817475, "JKs": 0.625193, "JKu": 0.605878, "JAs": 0.653876, "JAu": 0.635311, "QKs": 0.633912, "QKu": 0.6152875, "QAs": 0.6626965, "QAu": 0.6445975, "KAs": 0.670571, "KAu": 0.6534895, "22": 0.503811, "33": 0.536452, "44": 0.570593, "55": 0.60307, "66": 0.6331595, "77": 0.663413, "88": 0.6919645, "99": 0.720022, "TT": 0.7505855, "JJ": 0.7747065, "QQ": 0.79896, "KK": 0.8236345, "AA": 0.8521635}